<?xml version="1.0" encoding="ISO-8859-1"?>
<project name="JAVASLICER">

    <poweredBy>
        <logo name="Built by: Maven" href="http://maven.apache.org/"
                img="images/maven-feather.png"/>
    </poweredBy>

    <publishDate position="left" format="yyyy-MM-dd HH:mm:ss z"/>

    <bannerLeft>
        <name>Software Engineering Group at Saarland University</name>
        <src>images/sblogo-small.gif</src>
        <href>http://www.st.cs.uni-sb.de/</href>
    </bannerLeft>

    <bannerRight>
        <name>Software Engineering Group at Saarland University</name>
    </bannerRight>

    <body>
        <links>
            <item name="Software Engineering Group at Saarland University" href="http://www.st.cs.uni-sb.de/"/>
        </links>

        <menu ref="modules" />

        <menu name="Quickstart">
            <item name="Howto" href="howto.html"/>
            <item name="Tips" href="tips.html"/>
            <item name="FAQ" href="faq.html"/>
            <item name="APT at a glance" href="apt-at-a-glance.html"/>
        </menu>

        <menu ref="reports" />
    </body>
</project>

